page,status,has_hero,design_lock_present,no_button_arrows,button_home_standard_lock,chips_home_standard_lock,no_pin_in_nav_or_buttons,no_gray_frame_lock,hero_line_same_position
almoco-morro-da-urca.html,WARN,True,True,True,True,True,False,True,True
almoco.html,WARN,True,True,True,True,True,False,True,True
cafe-da-manha-com-vista-rio-de-janeiro.html,WARN,False,True,True,True,True,False,True,True
cafe-da-manha-pao-de-acucar.html,WARN,True,True,True,True,True,False,True,True
cafe-da-manha.html,WARN,True,True,True,True,True,False,True,True
caipirinha-com-vista-rio.html,WARN,True,True,True,True,True,False,True,True
cardapio.html,WARN,True,True,True,True,True,False,True,True
como-chegar.html,WARN,True,True,True,True,True,False,True,True
contato.html,WARN,False,True,True,True,True,False,True,True
en/almoco-morro-da-urca.html,WARN,True,True,True,True,True,False,True,True
en/almoco.html,WARN,True,True,True,True,True,False,True,True
en/breakfast-with-a-view-rio-de-janeiro.html,WARN,False,True,True,True,True,False,True,True
en/cafe-da-manha-pao-de-acucar.html,WARN,True,True,True,True,True,False,True,True
en/cafe-da-manha.html,WARN,True,True,True,True,True,False,True,True
en/caipirinha-com-vista-rio.html,WARN,True,True,True,True,True,False,True,True
en/cardapio.html,WARN,True,True,True,True,True,False,True,True
en/contato.html,WARN,False,True,True,True,True,False,True,True
en/entardecer.html,WARN,True,True,True,True,True,False,True,True
en/eventos.html,WARN,True,True,True,True,True,False,True,True
en/feijoada-com-vista-rio-de-janeiro.html,WARN,True,True,True,True,True,False,True,True
en/feijoada.html,WARN,True,True,True,True,True,False,True,True
en/gastronomia-carioca.html,WARN,False,True,True,True,True,False,True,True
en/guia-do-rio.html,WARN,True,True,True,True,True,False,True,True
en/how-to-get-there.html,WARN,True,True,True,True,True,False,True,True
en/index.html,WARN,True,True,True,True,True,False,True,True
en/morro-da-urca.html,WARN,False,True,True,True,True,False,True,True
en/nossa-visao.html,WARN,False,True,True,True,True,False,True,True
en/o-que-fazer-depois-do-bondinho-pao-de-acucar.html,WARN,False,True,True,True,True,False,True,True
en/parque-bondinho.html,WARN,False,True,True,True,True,False,True,True
en/por-do-sol-morro-da-urca.html,WARN,True,True,True,True,True,False,True,True
en/restaurant-at-urca-hill.html,WARN,True,True,True,True,True,False,True,True
en/restaurants-near-sugarloaf-mountain.html,WARN,True,True,True,True,True,False,True,True
en/roteiro-meio-dia-urca-pao-de-acucar.html,WARN,False,True,True,True,True,False,True,True
en/sugarloaf-cable-car-park.html,WARN,True,True,True,True,True,False,True,True
en/sugarloaf-cable-car-restaurant.html,WARN,True,True,True,True,True,False,True,True
en/sunset.html,WARN,True,True,True,True,True,False,True,True
en/where-to-eat-near-sugarloaf.html,WARN,True,True,True,True,True,False,True,True
entardecer.html,WARN,True,True,True,True,True,False,True,True
es/almoco-morro-da-urca.html,WARN,True,True,True,True,True,False,True,True
es/almoco.html,WARN,True,True,True,True,True,False,True,True
es/atardecer.html,WARN,True,True,True,True,True,False,True,True
es/cafe-da-manha-pao-de-acucar.html,WARN,True,True,True,True,True,False,True,True
es/cafe-da-manha.html,WARN,True,True,True,True,True,False,True,True
es/caipirinha-com-vista-rio.html,WARN,True,True,True,True,True,False,True,True
es/cardapio.html,WARN,True,True,True,True,True,False,True,True
es/como-llegar.html,WARN,True,True,True,True,True,False,True,True
es/contato.html,WARN,False,True,True,True,True,False,True,True
es/desayuno-con-vista-rio-de-janeiro.html,WARN,False,True,True,True,True,False,True,True
es/donde-comer-cerca-del-pan-de-azucar.html,WARN,True,True,True,True,True,False,True,True
es/entardecer.html,WARN,True,True,True,True,True,False,True,True
es/eventos.html,WARN,True,True,True,True,True,False,True,True
es/feijoada-com-vista-rio-de-janeiro.html,WARN,True,True,True,True,True,False,True,True
es/feijoada.html,WARN,True,True,True,True,True,False,True,True
es/gastronomia-carioca.html,WARN,False,True,True,True,True,False,True,True
es/guia-do-rio.html,WARN,True,True,True,True,True,False,True,True
es/index.html,WARN,True,True,True,True,True,False,True,True
es/morro-da-urca.html,WARN,False,True,True,True,True,False,True,True
es/nossa-visao.html,WARN,False,True,True,True,True,False,True,True
es/o-que-fazer-depois-do-bondinho-pao-de-acucar.html,WARN,False,True,True,True,True,False,True,True
es/parque-bondinho-pan-de-azucar.html,WARN,True,True,True,True,True,False,True,True
es/parque-bondinho.html,WARN,False,True,True,True,True,False,True,True
es/por-do-sol-morro-da-urca.html,WARN,True,True,True,True,True,False,True,True
es/restaurante-bondinho-pan-de-azucar.html,WARN,True,True,True,True,True,False,True,True
es/restaurante-morro-da-urca.html,WARN,True,True,True,True,True,False,True,True
es/restaurantes-cerca-del-pan-de-azucar.html,WARN,True,True,True,True,True,False,True,True
es/roteiro-meio-dia-urca-pao-de-acucar.html,WARN,False,True,True,True,True,False,True,True
eventos.html,WARN,True,True,True,True,True,False,True,True
feijoada-com-vista-rio-de-janeiro.html,WARN,True,True,True,True,True,False,True,True
feijoada.html,WARN,True,True,True,True,True,False,True,True
gastronomia-carioca.html,WARN,False,True,True,True,True,False,True,True
guia-do-rio.html,WARN,True,True,True,True,True,False,True,True
index.html,WARN,True,True,True,True,True,False,True,True
morro-da-urca.html,WARN,False,True,True,True,True,False,True,True
nossa-visao.html,WARN,False,True,True,True,True,False,True,True
o-que-fazer-depois-do-bondinho-pao-de-acucar.html,WARN,False,True,True,True,True,False,True,True
onde-comer-no-pao-de-acucar.html,WARN,True,True,True,True,True,False,True,True
parque-bondinho-pao-de-acucar.html,WARN,True,True,True,True,True,False,True,True
parque-bondinho.html,WARN,False,True,True,True,True,False,True,True
por-do-sol-morro-da-urca.html,WARN,True,True,True,True,True,False,True,True
restaurante-bondinho-pao-de-acucar.html,WARN,True,True,True,True,True,False,True,True
restaurante-morro-da-urca.html,WARN,True,True,True,True,True,False,True,True
restaurantes-perto-do-pao-de-acucar.html,WARN,True,True,True,True,True,False,True,True
roteiro-meio-dia-urca-pao-de-acucar.html,WARN,False,True,True,True,True,False,True,True
