page,lang,utility,category,word_count,title,meta_description,h1,canonical,schema_types,has_restaurant_schema,has_faq_schema,has_opening_hours,has_cta,in_sitemap,language_leak_count,language_leaks,broken_anchor_count,html_kb,inline_style_count,score
404.html,pt-BR,True,generic,42,Página não encontrada — Embaixada Carioca,"A página que você procura não foi encontrada. Explore o cardápio, faça uma reserva ou conheça a Embaixada Carioca no Morro da Urca.",Esta página se perdeu no bondinho,https://www.embaixadacarioca.com/404.html,"AggregateRating,BreadcrumbList,GeoCoordinates,ListItem,LocationFeatureSpecification,OpeningHoursSpecification,PostalAddress,ReserveAction,Restaurant,WebSite",True,False,True,True,True,0,,0,59.0,0,100
almoco-morro-da-urca.html,pt-BR,False,park,611,Onde Almoçar no Morro da Urca e Pão de Açúcar | Embaixada Carioca,Procurando onde almoçar no Morro da Urca? A Embaixada Carioca oferece a melhor gastronomia brasileira com vista panorâmica no Pão de Açúcar.,Onde Almoçar no Morro da Urca,https://www.embaixadacarioca.com/almoco-morro-da-urca.html,"AggregateRating,Answer,BreadcrumbList,FAQPage,GeoCoordinates,ListItem,LocationFeatureSpecification,OpeningHoursSpecification,PostalAddress,Question,ReserveAction,Restaurant,WebPage,WebSite",True,True,True,True,True,0,,0,63.1,52,84
almoco.html,pt-BR,False,menu,1152,Almoço no Morro da Urca | Restaurante Pão de Açúcar,"Almoço brasileiro no Morro da Urca, dentro do Parque Bondinho Pão de Açúcar. Feijoada, picanha, caipirinhas e vista no Rio.",Almoço premiado no Pão de Açúcar — Restaurante Morro da Urca .,https://www.embaixadacarioca.com/almoco.html,"AggregateRating,Answer,BreadcrumbList,FAQPage,GeoCoordinates,ListItem,LocationFeatureSpecification,Menu,MenuItem,MenuSection,Offer,OpeningHoursSpecification,PostalAddress,Question,ReserveAction,Restaurant,SpeakableSpecification,WebPage,WebSite",True,True,True,True,True,0,,0,181.8,90,100
cafe-da-manha-com-vista-rio-de-janeiro.html,pt-BR,False,breakfast,475,Café da Manhã com Vista no Rio de Janeiro | Embaixada Carioca,"Café da manhã com vista no Rio de Janeiro, no Morro da Urca dentro do Parque Bondinho Pão de Açúcar. Aberto todos os dias a partir de 8h30.",Café da manhã com vista no Rio de Janeiro,https://www.embaixadacarioca.com/cafe-da-manha-com-vista-rio-de-janeiro.html,"Answer,FAQPage,PostalAddress,Question,Restaurant,WebPage",True,True,False,True,True,0,,0,18.0,0,79
cafe-da-manha-pao-de-acucar.html,pt-BR,False,breakfast,709,Café da Manhã no Pão de Açúcar | Embaixada Carioca,"Café da manhã no Pão de Açúcar, na primeira parada do Bondinho. Vista para o Rio, pães, frutas, café e experiência carioca no Morro da Urca.",Café da Manhã com Vista no Rio de Janeiro,https://www.embaixadacarioca.com/cafe-da-manha-pao-de-acucar.html,"AggregateRating,Answer,BreadcrumbList,FAQPage,GeoCoordinates,ListItem,LocationFeatureSpecification,OpeningHoursSpecification,PostalAddress,Question,ReserveAction,Restaurant,WebPage,WebSite",True,True,True,True,True,0,,0,65.8,52,92
cafe-da-manha.html,pt-BR,False,breakfast,1701,Café da Manhã com Vista no Rio | Pão de Açúcar,"Café da manhã com vista no Rio, no Morro da Urca dentro do Parque Bondinho Pão de Açúcar. Aberto todos os dias a partir de 8h30.",Café da manhã com vista para o Pão de Açúcar — Morro da Urca.,https://www.embaixadacarioca.com/cafe-da-manha.html,"AggregateRating,Answer,BreadcrumbList,FAQPage,FoodEvent,GeoCoordinates,ListItem,LocationFeatureSpecification,Offer,OpeningHoursSpecification,Place,PostalAddress,Question,ReserveAction,Restaurant,Schedule,SpeakableSpecification,WebPage,WebSite",True,True,True,True,True,0,,0,200.6,77,100
caipirinha-com-vista-rio.html,pt-BR,False,guide,619,Onde Tomar Caipirinha no Rio com Vista | Embaixada Carioca,A melhor caipirinha do Rio de Janeiro com vista para o Pão de Açúcar. Cachaça Magnífica premiada e frutas frescas no Morro da Urca.,Onde Tomar Caipirinha no Rio de Janeiro,https://www.embaixadacarioca.com/caipirinha-com-vista-rio.html,"AggregateRating,Answer,BarOrPub,BreadcrumbList,FAQPage,GeoCoordinates,ListItem,LocalBusiness,LocationFeatureSpecification,OpeningHoursSpecification,PostalAddress,Question,ReserveAction,Restaurant,WebPage,WebSite",True,True,True,True,True,0,,0,64.3,52,84
cardapio.html,pt-BR,False,menu,1219,Cardápio Embaixada Carioca | Restaurante no Pão de Açúcar,"Cardápio da Embaixada Carioca: café da manhã, almoço brasileiro, feijoada, picanha, caipirinhas e chope no Morro da Urca.","Cardápio completo — Embaixada Carioca, Morro da Urca.",https://www.embaixadacarioca.com/cardapio.html,"AggregateRating,Answer,BreadcrumbList,FAQPage,GeoCoordinates,ListItem,LocationFeatureSpecification,Menu,MenuItem,MenuSection,Offer,OpeningHoursSpecification,PostalAddress,Question,ReserveAction,Restaurant,SpeakableSpecification,WebPage,WebSite",True,True,True,True,True,0,,0,179.4,100,100
como-chegar.html,pt-BR,False,access,896,Como Chegar ao Pão de Açúcar e Morro da Urca | Embaixada Carioca,"Como chegar à Embaixada Carioca no Morro da Urca: Bondinho, ingresso, trilha, metrô, ônibus, Uber, carro, estacionamento e bicicleta.",Como chegar à Embaixada Carioca no Morro da Urca,https://www.embaixadacarioca.com/como-chegar.html,"Answer,FAQPage,PostalAddress,Question,Restaurant,WebPage",True,True,False,True,True,0,,0,27.7,0,87
contato.html,pt-BR,False,generic,315,Contato | Embaixada Carioca — Restaurante Morro da Urca,"Entre em contato com a Embaixada Carioca. Reservas, eventos e informações sobre o restaurante no Morro da Urca.",,https://www.embaixadacarioca.com/contato.html,"AggregateRating,Answer,BreadcrumbList,FAQPage,GeoCoordinates,ListItem,LocalBusiness,LocationFeatureSpecification,OpeningHoursSpecification,PostalAddress,Question,ReserveAction,Restaurant,WebPage,WebSite",True,True,True,True,True,0,,0,22.8,0,68
en/almoco-morro-da-urca.html,en,False,park,702,Where to Lunch at Morro da Urca and Sugarloaf | Embaixada Carioca,Looking for where to have lunch at Morro da Urca? Embaixada Carioca offers the best Brazilian gastronomy with a panoramic view at Sugarloaf Mountain.,Where to Lunch at Morro da Urca,https://www.embaixadacarioca.com/en/almoco-morro-da-urca.html,"AggregateRating,Answer,BreadcrumbList,FAQPage,GeoCoordinates,ListItem,LocationFeatureSpecification,OpeningHoursSpecification,PostalAddress,Question,ReserveAction,Restaurant,WebPage,WebSite",True,True,True,True,True,0,,0,63.2,52,92
en/almoco.html,en,False,menu,1107,Lunch with a View at Sugarloaf | Embaixada Carioca,,Award-winning Lunch at Sugarloaf Mountain — Restaurant Urca Hill .,https://www.embaixadacarioca.com/en/almoco.html,"AggregateRating,Answer,BreadcrumbList,FAQPage,GeoCoordinates,ListItem,LocationFeatureSpecification,Menu,MenuItem,MenuSection,Offer,OpeningHoursSpecification,PostalAddress,Question,ReserveAction,Restaurant,SpeakableSpecification,WebPage,WebSite",True,True,True,True,True,0,,0,175.0,79,90
en/breakfast-with-a-view-rio-de-janeiro.html,en,False,breakfast,493,Breakfast with a View in Rio de Janeiro | Embaixada Carioca,"Breakfast with a view in Rio de Janeiro at Urca Hill, inside Sugarloaf Cable Car Park. Open daily from 8:30 am.",Breakfast with a view in Rio de Janeiro,https://www.embaixadacarioca.com/en/breakfast-with-a-view-rio-de-janeiro.html,"Answer,FAQPage,PostalAddress,Question,Restaurant,WebPage",True,True,False,True,True,0,,0,17.9,0,79
en/cafe-da-manha-pao-de-acucar.html,en,False,breakfast,706,Breakfast with a View in Rio de Janeiro | Embaixada Carioca,"Where to have breakfast with a view in Rio? Embaixada Carioca serves breakfast every day at Morro da Urca, overlooking Sugarloaf Mountain.",Breakfast with a View in Rio de Janeiro,https://www.embaixadacarioca.com/en/cafe-da-manha-pao-de-acucar.html,"AggregateRating,Answer,BreadcrumbList,FAQPage,GeoCoordinates,ListItem,LocationFeatureSpecification,OpeningHoursSpecification,PostalAddress,Question,ReserveAction,Restaurant,WebPage,WebSite",True,True,True,True,True,0,,0,63.3,52,92
en/cafe-da-manha.html,en,False,breakfast,1484,Breakfast with a View in Rio | Sugarloaf Cable Car Park,"Breakfast with a view in Rio at Urca Hill, inside Sugarloaf Cable Car Park. Open daily from 8:30 am.",Breakfast with a view of Sugarloaf Mountain — Urca Hill.,https://www.embaixadacarioca.com/en/cafe-da-manha.html,"AggregateRating,Answer,BreadcrumbList,FAQPage,FoodEvent,GeoCoordinates,ListItem,LocationFeatureSpecification,Offer,OpeningHoursSpecification,Place,PostalAddress,Question,ReserveAction,Restaurant,Schedule,SpeakableSpecification,WebPage,WebSite",True,True,True,True,True,0,,0,193.1,69,100
en/caipirinha-com-vista-rio.html,en,False,guide,696,Where to Drink Caipirinha in Rio with a View | Embaixada Carioca,The best caipirinha in Rio de Janeiro with a view of Sugarloaf Mountain. Award-winning Magnífica Cachaça and fresh fruits at Morro da Urca.,Where to Drink Caipirinha in Rio de Janeiro,https://www.embaixadacarioca.com/en/caipirinha-com-vista-rio.html,"AggregateRating,Answer,BarOrPub,BreadcrumbList,FAQPage,GeoCoordinates,ListItem,LocalBusiness,LocationFeatureSpecification,OpeningHoursSpecification,PostalAddress,Question,ReserveAction,Restaurant,WebPage,WebSite",True,True,True,True,True,0,,0,64.5,52,92
en/cardapio.html,en,False,menu,1002,Menu | Bondinho Restaurant | Embaixada Carioca,,"Menu completo — Embaixada Carioca, Urca Hill.",https://www.embaixadacarioca.com/en/cardapio.html,"AggregateRating,Answer,BreadcrumbList,FAQPage,GeoCoordinates,ListItem,LocationFeatureSpecification,Menu,MenuItem,MenuSection,Offer,OpeningHoursSpecification,PostalAddress,Question,ReserveAction,Restaurant,SpeakableSpecification,WebPage,WebSite",True,True,True,True,True,0,,0,172.4,82,90
en/contato.html,en,False,generic,358,Contact | Embaixada Carioca — Urca Hill Restaurant,"Contact Embaixada Carioca. Reservations, private events and information about the restaurant on Urca Hill, inside Bondinho Pão de Açúcar Park.",,https://www.embaixadacarioca.com/en/contato.html,"AggregateRating,Answer,BreadcrumbList,FAQPage,GeoCoordinates,ListItem,LocalBusiness,LocationFeatureSpecification,OpeningHoursSpecification,PostalAddress,Question,ReserveAction,Restaurant,WebPage,WebSite",True,True,True,True,True,0,,1,23.1,0,65
en/entardecer.html,en,False,drinks,1053,Romantic Sunset Dinner in Rio | Embaixada Carioca,"Enjoy sunset drinks at Embaixada Carioca, inside Sugarloaf Cable Car Park, with caipirinhas, Brazilian snacks and views of Rio.",Sunset over the bay — the most beautiful sundowner in Rio.,https://www.embaixadacarioca.com/en/entardecer.html,"AggregateRating,Answer,BreadcrumbList,FAQPage,FoodEvent,GeoCoordinates,ImageObject,ListItem,LocationFeatureSpecification,Offer,OpeningHoursSpecification,Organization,Place,PostalAddress,Question,ReserveAction,Restaurant,Review,Schedule,SpeakableSpecification,VideoObject,WebPage,WebSite",True,True,True,True,True,0,,0,171.3,67,100
en/eventos.html,en,False,events,1175,Event Venue Rio de Janeiro | Panoramic View – Embaixada Carioca,,Events at Urca Hill — with a view of Sugarloaf Mountain.,https://www.embaixadacarioca.com/en/eventos.html,"AggregateRating,Answer,BreadcrumbList,EventVenue,FAQPage,GeoCoordinates,ImageObject,ListItem,LocationFeatureSpecification,OpeningHoursSpecification,Organization,PostalAddress,Question,ReserveAction,Restaurant,Service,SpeakableSpecification,VideoObject,WebPage,WebSite",True,True,True,True,True,0,,0,173.2,41,90
en/feijoada-com-vista-rio-de-janeiro.html,en,False,feijoada,704,Feijoada with a View in Rio | Embaixada Carioca,"The best feijoada in Rio de Janeiro with a view of Sugarloaf Mountain. Served every day at Embaixada Carioca, at Morro da Urca.",Where to Eat Feijoada in Rio de Janeiro,https://www.embaixadacarioca.com/en/feijoada-com-vista-rio-de-janeiro.html,"AggregateRating,Answer,BreadcrumbList,FAQPage,GeoCoordinates,ListItem,LocationFeatureSpecification,OpeningHoursSpecification,PostalAddress,Question,ReserveAction,Restaurant,WebPage,WebSite",True,True,True,True,True,0,,0,63.4,52,92
en/feijoada.html,en,False,feijoada,1492,Award-Winning Feijoada in Rio | Embaixada Carioca,,The most awarded feijoada in Rio de Janeiro.,https://www.embaixadacarioca.com/en/feijoada.html,"AggregateRating,Answer,BreadcrumbList,FAQPage,GeoCoordinates,ListItem,LocationFeatureSpecification,OpeningHoursSpecification,PostalAddress,Question,ReserveAction,Restaurant,WebSite",True,True,True,True,True,0,,0,150.4,31,90
en/gastronomia-carioca.html,en,False,guide,990,Carioca Gastronomy: Typical Dishes & Where to Eat in Rio 2026,"Complete guide to carioca cuisine: feijoada, moqueca, shrimp, artisan cachaça and the best restaurants in Rio de Janeiro. Curated by Embaixada Carioca.",Carioca Gastronomy: The Typical Dishes of Rio and Where to Eat,https://www.embaixadacarioca.com/en/gastronomia-carioca.html,"AggregateRating,Answer,Article,BreadcrumbList,FAQPage,FoodEstablishment,GeoCoordinates,ImageObject,ListItem,LocationFeatureSpecification,OpeningHoursSpecification,Organization,PostalAddress,Question,ReserveAction,Restaurant,WebSite",True,True,True,True,True,1,resposta direta,0,148.0,22,95
en/guia-do-rio.html,en,False,guide,3000,Where to Eat in Rio with a View | Embaixada Carioca Guide,"Guide to where to eat in Rio with a view: Urca Hill, Sugarloaf, Brazilian lunch, breakfast, caipirinhas and sunset drinks.",Roteiro Rio de Janeiro O Guia Definitivo.,https://www.embaixadacarioca.com/en/guia-do-rio.html,"AggregateRating,Answer,Article,BreadcrumbList,FAQPage,GeoCoordinates,HowTo,HowToStep,ImageObject,ListItem,LocationFeatureSpecification,MonetaryAmount,OpeningHoursSpecification,Organization,PostalAddress,Question,ReserveAction,Restaurant,SpeakableSpecification,WebPage,WebSite",True,True,True,True,True,1,como chegar,0,194.7,76,95
en/how-to-get-there.html,en,False,access,930,How to Get to Sugarloaf Cable Car Park and Urca Hill | Embaixada Carioca,"How to get to Embaixada Carioca at Urca Hill: Sugarloaf cable car tickets, trail, metro, bus, Uber, car, parking and bike options.",How to get to Embaixada Carioca at Urca Hill,https://www.embaixadacarioca.com/en/how-to-get-there.html,"Answer,FAQPage,PostalAddress,Question,Restaurant,WebPage",True,True,False,True,True,0,,0,27.2,0,95
en/index.html,en,False,generic,5536,Restaurant at Sugarloaf and Urca Hill | Embaixada Carioca,"Brazilian restaurant at Urca Hill inside Sugarloaf Cable Car Park. Breakfast, lunch, caipirinhas and Rio views.","Restaurant at Urca Hill , inside Bondinho Pão de Açúcar Park .",https://www.embaixadacarioca.com/en/,"AggregateRating,Answer,BreadcrumbList,ContactPoint,FAQPage,FoodEstablishment,GeoCoordinates,ListItem,LocalBusiness,LocationFeatureSpecification,Menu,MenuItem,MenuSection,Offer,OpeningHoursSpecification,Organization,PostalAddress,Question,ReserveAction,Restaurant,TouristAttraction,WebSite",True,True,True,True,True,0,,0,272.7,424,100
en/morro-da-urca.html,en,False,park,1547,"Urca Hill: What to Do, How to Get There & Where to Eat","Guide to Urca Hill: 227m altitude, Bondinho Park, panoramic views and the best restaurant with a view of Sugarloaf Mountain in Rio.","Urca Hill: What to Do, How to Get There and Where to Eat",https://www.embaixadacarioca.com/en/morro-da-urca.html,"AggregateRating,Answer,Article,BreadcrumbList,City,FAQPage,GeoCoordinates,ImageObject,Landform,ListItem,LocalBusiness,LocationFeatureSpecification,Neighborhood,OpeningHoursSpecification,Organization,PostalAddress,Question,ReserveAction,Restaurant,TouristAttraction,WebSite",True,True,True,True,True,1,resposta direta,0,156.0,15,95
en/nossa-visao.html,en,False,generic,361,Our Vision | Embaixada Carioca — Urca Hill Restaurant,Embaixada Carioca is a restaurant inside Bondinho Pão de Açúcar Park with a direct view of Sugarloaf Mountain. Brazilian food and the award-winning feijoada from Academia da Cachaça served on Urca Hill.,,https://www.embaixadacarioca.com/en/nossa-visao.html,"AggregateRating,Answer,BreadcrumbList,FAQPage,GeoCoordinates,ListItem,LocalBusiness,LocationFeatureSpecification,OpeningHoursSpecification,PostalAddress,Question,ReserveAction,Restaurant,WebPage,WebSite",True,True,True,True,True,0,,1,23.2,0,65
en/o-que-fazer-depois-do-bondinho-pao-de-acucar.html,en,False,guide,627,What to do after the Sugarloaf Cable Car | Embaixada Carioca,,"What to do after the Sugarloaf Cable Car: where to eat, take photos and watch the sunset",https://www.embaixadacarioca.com/en/o-que-fazer-depois-do-bondinho-pao-de-acucar.html,"AggregateRating,Answer,Article,BreadcrumbList,FAQPage,GeoCoordinates,HowTo,HowToStep,ImageObject,ListItem,LocationFeatureSpecification,MonetaryAmount,OpeningHoursSpecification,Organization,PostalAddress,Question,ReserveAction,Restaurant,SpeakableSpecification,WebPage,WebSite",True,True,True,True,True,0,,0,143.9,8,74
en/parque-bondinho.html,en,False,park,1169,Parque Bondinho cable car | Embaixada Carioca,,"Bondinho Pão de Açúcar Park: Tickets, Hours and Where to Eat",https://www.embaixadacarioca.com/en/parque-bondinho.html,"AggregateRating,Answer,Article,BreadcrumbList,FAQPage,GeoCoordinates,ImageObject,ListItem,LocalBusiness,LocationFeatureSpecification,OpeningHoursSpecification,Organization,PostalAddress,Question,ReserveAction,Restaurant,TouristAttraction,TouristDestination,WebSite",True,True,True,True,True,1,resposta direta,0,154.1,23,85
en/por-do-sol-morro-da-urca.html,en,False,drinks,682,Sunset at Morro da Urca | Embaixada Carioca,Where to watch the sunset at Sugarloaf Mountain? Embaixada Carioca at Morro da Urca offers the best view for the sunset in Rio de Janeiro.,Sunset at Sugarloaf Mountain,https://www.embaixadacarioca.com/en/por-do-sol-morro-da-urca.html,"AggregateRating,Answer,BreadcrumbList,FAQPage,GeoCoordinates,ListItem,LocationFeatureSpecification,OpeningHoursSpecification,PostalAddress,Question,ReserveAction,Restaurant,WebPage,WebSite",True,True,True,True,True,0,,0,63.1,52,92
en/restaurant-at-urca-hill.html,en,False,local_restaurant,1015,Restaurant at Urca Hill with Sugarloaf Mountain view,"Restaurant at Urca Hill inside Sugarloaf Cable Car Park, serving breakfast, Brazilian lunch and drinks with direct Sugarloaf views.",Restaurant at Urca Hill,https://www.embaixadacarioca.com/en/restaurant-at-urca-hill.html,"AggregateRating,Answer,BreadcrumbList,FAQPage,GeoCoordinates,ItemList,ListItem,LocationFeatureSpecification,OpeningHoursSpecification,PostalAddress,Question,ReserveAction,Restaurant,WebSite",True,True,True,True,True,0,,0,63.0,0,100
en/restaurants-near-sugarloaf-mountain.html,en,False,local_restaurant,1025,Restaurants near Sugarloaf Mountain | Local guide,"Restaurants near Sugarloaf Mountain: options around Urca, Praia Vermelha and Urca Hill for breakfast, lunch, drinks and views.",Restaurants near Sugarloaf Mountain,https://www.embaixadacarioca.com/en/restaurants-near-sugarloaf-mountain.html,"AggregateRating,Answer,BreadcrumbList,FAQPage,GeoCoordinates,ItemList,ListItem,LocationFeatureSpecification,OpeningHoursSpecification,PostalAddress,Question,ReserveAction,Restaurant,WebSite",True,True,True,True,True,0,,0,63.2,0,100
en/roteiro-meio-dia-urca-pao-de-acucar.html,en,False,guide,679,Half-Day Itinerary in Urca and Sugarloaf | Embaixada Carioca,,"Half-Day Itinerary in Urca and Sugarloaf: Praia Vermelha, Cable Car, Urca Hill and Lunch with a View",https://www.embaixadacarioca.com/en/roteiro-meio-dia-urca-pao-de-acucar.html,"AggregateRating,Answer,Article,BreadcrumbList,FAQPage,GeoCoordinates,HowTo,HowToStep,ImageObject,ListItem,LocationFeatureSpecification,MonetaryAmount,OpeningHoursSpecification,Organization,PostalAddress,Question,ReserveAction,Restaurant,SpeakableSpecification,WebPage,WebSite",True,True,True,True,True,0,,0,144.3,9,82
en/sugarloaf-cable-car-park.html,en,False,park,630,Sugarloaf Cable Car Park: where to eat at Urca Hill,"Where to eat inside Sugarloaf Cable Car Park: breakfast, Brazilian lunch, caipirinhas and a direct Sugarloaf Mountain view at Urca Hill.",Where to eat at Sugarloaf Cable Car Park,https://www.embaixadacarioca.com/en/sugarloaf-cable-car-park.html,"AggregateRating,Answer,BreadcrumbList,FAQPage,GeoCoordinates,ItemList,ListItem,LocationFeatureSpecification,OpeningHoursSpecification,PostalAddress,Question,ReserveAction,Restaurant,WebSite",True,True,True,True,True,0,,0,59.8,0,84
en/sugarloaf-cable-car-restaurant.html,en,False,local_restaurant,1018,Sugarloaf Cable Car Restaurant | Embaixada Carioca,"Restaurant inside Sugarloaf Cable Car Park, at the first cable car stop, with breakfast, Brazilian lunch, caipirinhas and views.",Sugarloaf Cable Car restaurant,https://www.embaixadacarioca.com/en/sugarloaf-cable-car-restaurant.html,"AggregateRating,Answer,BreadcrumbList,FAQPage,GeoCoordinates,ItemList,ListItem,LocationFeatureSpecification,OpeningHoursSpecification,PostalAddress,Question,ReserveAction,Restaurant,WebSite",True,True,True,True,True,0,,0,63.1,0,100
en/sunset.html,en,False,drinks,1053,Romantic Sunset Dinner in Rio | Embaixada Carioca,,Sunset over the bay — the most beautiful sundowner in Rio.,https://www.embaixadacarioca.com/en/sunset.html,"AggregateRating,Answer,BreadcrumbList,FAQPage,FoodEvent,GeoCoordinates,ImageObject,ListItem,LocationFeatureSpecification,Offer,OpeningHoursSpecification,Organization,Place,PostalAddress,Question,ReserveAction,Restaurant,Review,Schedule,SpeakableSpecification,VideoObject,WebPage,WebSite",True,True,True,True,True,0,,0,171.4,67,90
en/where-to-eat-near-sugarloaf.html,en,False,local_restaurant,1011,Where to eat near Sugarloaf Mountain | Embaixada Carioca,"Where to eat near Sugarloaf Mountain in Rio: restaurant at Urca Hill with breakfast, Brazilian lunch, caipirinhas and direct views.",Where to eat near Sugarloaf Mountain,https://www.embaixadacarioca.com/en/where-to-eat-near-sugarloaf.html,"AggregateRating,Answer,BreadcrumbList,FAQPage,GeoCoordinates,ItemList,ListItem,LocationFeatureSpecification,OpeningHoursSpecification,PostalAddress,Question,ReserveAction,Restaurant,WebSite",True,True,True,True,True,0,,0,63.0,0,100
entardecer.html,pt-BR,False,drinks,1014,Entardecer no Morro da Urca | Drinks com Vista no Rio,"Entardecer no Morro da Urca com caipirinhas, chope e petiscos no Parque Bondinho Pão de Açúcar. Drinks com vista no Rio.","Entardecer no Morro da Urca — drinks, petiscos e Pão de Açúcar.",https://www.embaixadacarioca.com/entardecer.html,"AggregateRating,Answer,BreadcrumbList,FAQPage,FoodEvent,GeoCoordinates,ImageObject,ListItem,LocationFeatureSpecification,MusicGroup,Offer,OpeningHoursSpecification,Organization,Place,PostalAddress,Question,ReserveAction,Restaurant,Review,Schedule,SpeakableSpecification,VideoObject,WebPage,WebSite",True,True,True,True,True,0,,0,176.3,74,100
es/almoco-morro-da-urca.html,es,False,park,675,Almuerzo en Morro da Urca | Embaixada Carioca,¿Buscas dónde almorzar en el Morro da Urca? Embaixada Carioca ofrece la mejor gastronomía brasileña con vista panorámica en el Pan de Azúcar.,Dónde Almorzar en el Morro da Urca,https://www.embaixadacarioca.com/es/almoco-morro-da-urca.html,"AggregateRating,Answer,BreadcrumbList,FAQPage,GeoCoordinates,ListItem,LocationFeatureSpecification,OpeningHoursSpecification,PostalAddress,Question,ReserveAction,Restaurant,WebPage,WebSite",True,True,True,True,True,0,,0,63.3,52,92
es/almoco.html,es,False,menu,946,Almuerzo con Vista al Pan de Azúcar | Embaixada Carioca,,Almuerzo premiado en el Pan de Azúcar — Restaurante Morro da Urca .,https://www.embaixadacarioca.com/es/almoco.html,"AggregateRating,Answer,BreadcrumbList,FAQPage,GeoCoordinates,ListItem,LocationFeatureSpecification,MenuItem,MenuSection,Menú,Offer,OpeningHoursSpecification,PostalAddress,Question,ReserveAction,Restaurant,SpeakableSpecification,WebPage,WebSite",True,True,True,True,True,0,,0,171.6,79,90
es/atardecer.html,es,False,drinks,1056,Cena Romántica al Atardecer en Río | Embaixada Carioca,,Atardecer sobre la bahía — el atardecer más bonito de Río.,https://www.embaixadacarioca.com/es/atardecer.html,"AggregateRating,Answer,BreadcrumbList,FAQPage,FoodEvent,GeoCoordinates,ImageObject,ListItem,LocationFeatureSpecification,Offer,OpeningHoursSpecification,Organization,Place,PostalAddress,Question,ReserveAction,Restaurant,Review,Schedule,SpeakableSpecification,VideoObject,WebPage,WebSite",True,True,True,True,True,0,,0,171.4,67,90
es/cafe-da-manha-pao-de-acucar.html,es,False,breakfast,688,Desayuno con Vista en Río de Janeiro | Embaixada Carioca,"¿Dónde desayunar con vista en Río? Embaixada Carioca sirve desayuno todos los días en el Morro da Urca, con vista al Pan de Azúcar.",Desayuno con Vista en Río de Janeiro,https://www.embaixadacarioca.com/es/cafe-da-manha-pao-de-acucar.html,"AggregateRating,Answer,BreadcrumbList,FAQPage,GeoCoordinates,ListItem,LocationFeatureSpecification,OpeningHoursSpecification,PostalAddress,Question,ReserveAction,Restaurant,WebPage,WebSite",True,True,True,True,True,0,,0,63.4,52,92
es/cafe-da-manha.html,es,False,breakfast,1513,Desayuno con Vista en Río | Pan de Azúcar,"Desayuno con vista en Río, en el Morro da Urca dentro del Parque Bondinho Pan de Azúcar. Abierto todos los días desde las 8:30.",Desayuno con vista al Pan de Azúcar — Morro da Urca.,https://www.embaixadacarioca.com/es/cafe-da-manha.html,"AggregateRating,Answer,BreadcrumbList,FAQPage,FoodEvent,GeoCoordinates,ListItem,LocationFeatureSpecification,Offer,OpeningHoursSpecification,Place,PostalAddress,Question,ReserveAction,Restaurant,Schedule,SpeakableSpecification,WebPage,WebSite",True,True,True,True,True,0,,0,192.9,69,100
es/caipirinha-com-vista-rio.html,es,False,guide,674,Dónde Tomar Caipirinha en Río con Vista | Embaixada Carioca,La mejor caipirinha de Río de Janeiro con vista al Pan de Azúcar. Cachaça Magnífica premiada y frutas frescas en el Morro da Urca.,Dónde Tomar Caipirinha en Río de Janeiro,https://www.embaixadacarioca.com/es/caipirinha-com-vista-rio.html,"AggregateRating,Answer,BarOrPub,BreadcrumbList,FAQPage,GeoCoordinates,ListItem,LocalBusiness,LocationFeatureSpecification,OpeningHoursSpecification,PostalAddress,Question,ReserveAction,Restaurant,WebPage,WebSite",True,True,True,True,True,0,,0,64.6,52,92
es/cardapio.html,es,False,menu,1033,Menú | Restaurante Bondinho | Embaixada Carioca,,"Menú completo — Embaixada Carioca, Morro da Urca.",https://www.embaixadacarioca.com/es/cardapio.html,"AggregateRating,Answer,BreadcrumbList,FAQPage,GeoCoordinates,ListItem,LocationFeatureSpecification,MenuItem,MenuSection,Menú,Offer,OpeningHoursSpecification,PostalAddress,Question,ReserveAction,Restaurant,SpeakableSpecification,WebPage,WebSite",True,True,True,True,True,0,,0,173.0,83,90
es/como-llegar.html,es,False,access,885,Cómo Llegar al Pan de Azúcar y Morro da Urca | Embaixada Carioca,"Cómo llegar a Embaixada Carioca en el Morro da Urca: entradas del Bondinho, sendero, metro, autobús, Uber, coche, estacionamiento y bici.",Cómo llegar a Embaixada Carioca en el Morro da Urca,https://www.embaixadacarioca.com/es/como-llegar.html,"Answer,FAQPage,PostalAddress,Question,Restaurant,WebPage",True,True,False,True,True,0,,0,27.4,0,87
es/contato.html,es,False,generic,344,Contacto | Embaixada Carioca — Restaurante Morro da Urca,"Contacta con Embaixada Carioca. Reservas, eventos privados e información sobre el restaurante en el Morro da Urca, dentro del Parque Bondinho Pão de Açúcar.",,https://www.embaixadacarioca.com/es/contato.html,"AggregateRating,Answer,BreadcrumbList,FAQPage,GeoCoordinates,ListItem,LocalBusiness,LocationFeatureSpecification,OpeningHoursSpecification,PostalAddress,Question,ReserveAction,Restaurant,WebPage,WebSite",True,True,True,True,True,0,,1,23.1,0,65
es/desayuno-con-vista-rio-de-janeiro.html,es,False,breakfast,492,Desayuno con Vista en Río de Janeiro | Embaixada Carioca,"Desayuno con vista en Río de Janeiro, en el Morro da Urca dentro del Parque Bondinho Pan de Azúcar. Abierto todos los días desde las 8:30.",Desayuno con vista en Río de Janeiro,https://www.embaixadacarioca.com/es/desayuno-con-vista-rio-de-janeiro.html,"Answer,FAQPage,PostalAddress,Question,Restaurant,WebPage",True,True,False,True,True,0,,0,18.0,0,79
es/donde-comer-cerca-del-pan-de-azucar.html,es,False,local_restaurant,992,Dónde comer cerca del Pan de Azúcar | Embaixada Carioca,"Dónde comer cerca del Pan de Azúcar en Río: restaurante en el Morro da Urca con desayuno, almuerzo brasileño y vista directa.",Dónde comer cerca del Pan de Azúcar,https://www.embaixadacarioca.com/es/donde-comer-cerca-del-pan-de-azucar.html,"AggregateRating,Answer,BreadcrumbList,FAQPage,GeoCoordinates,ItemList,ListItem,LocationFeatureSpecification,OpeningHoursSpecification,PostalAddress,Question,ReserveAction,Restaurant,WebSite",True,True,True,True,True,0,,0,63.4,0,100
es/entardecer.html,es,False,drinks,1056,Cena Romántica al Atardecer en Río | Embaixada Carioca,,Atardecer sobre la bahía — el atardecer más bonito de Río.,https://www.embaixadacarioca.com/es/entardecer.html,"AggregateRating,Answer,BreadcrumbList,FAQPage,FoodEvent,GeoCoordinates,ImageObject,ListItem,LocationFeatureSpecification,Offer,OpeningHoursSpecification,Organization,Place,PostalAddress,Question,ReserveAction,Restaurant,Review,Schedule,SpeakableSpecification,VideoObject,WebPage,WebSite",True,True,True,True,True,0,,0,171.4,67,90
es/eventos.html,es,False,events,1186,Eventos en Río de Janeiro | Embaixada Carioca,,Eventos en el Morro da Urca — con vista al Pan de Azúcar.,https://www.embaixadacarioca.com/es/eventos.html,"AggregateRating,Answer,BreadcrumbList,ContactPoint,EventVenue,FAQPage,GeoCoordinates,ImageObject,ListItem,LocationFeatureSpecification,OpeningHoursSpecification,Organization,PostalAddress,Question,ReserveAction,Restaurant,Service,SpeakableSpecification,TouristAttraction,VideoObject,WebPage,WebSite",True,True,True,True,True,0,,0,176.8,41,90
es/feijoada-com-vista-rio-de-janeiro.html,es,False,feijoada,687,Feijoada con Vista en Río | Embaixada Carioca,"La mejor feijoada de Río de Janeiro con vista al Pan de Azúcar. Servida todos los días en Embaixada Carioca, en el Morro da Urca.",Dónde Comer Feijoada en Río de Janeiro,https://www.embaixadacarioca.com/es/feijoada-com-vista-rio-de-janeiro.html,"AggregateRating,Answer,BreadcrumbList,FAQPage,GeoCoordinates,ListItem,LocationFeatureSpecification,OpeningHoursSpecification,PostalAddress,Question,ReserveAction,Restaurant,WebPage,WebSite",True,True,True,True,True,0,,0,63.6,52,92
es/feijoada.html,es,False,feijoada,1597,Feijoada Premiada en Río | Embaixada Carioca,,La feijoada más premiada de Río de Janeiro.,https://www.embaixadacarioca.com/es/feijoada.html,"AggregateRating,Answer,BreadcrumbList,FAQPage,GeoCoordinates,ListItem,LocationFeatureSpecification,OpeningHoursSpecification,PostalAddress,Question,ReserveAction,Restaurant,WebSite",True,True,True,True,True,0,,0,150.7,31,90
es/gastronomia-carioca.html,es,False,guide,1018,Gastronomía Carioca: Platos Típicos y Dónde Comer | Guía 2026,"Guía de la gastronomía carioca: feijoada, moqueca, camarón y los mejores restaurantes de Río de Janeiro. Dónde comer comida carioca auténtica.",Gastronomía Carioca: Os Pratos Típicos do Rio e Dónde Comer,https://www.embaixadacarioca.com/es/gastronomia-carioca.html,"AggregateRating,Answer,Article,BreadcrumbList,FAQPage,FoodEstablishment,GeoCoordinates,ImageObject,ListItem,LocationFeatureSpecification,OpeningHoursSpecification,Organization,PostalAddress,Question,ReserveAction,Restaurant,WebSite",True,True,True,True,True,1,resposta direta,0,148.2,22,95
es/guia-do-rio.html,es,False,guide,3028,Dónde Comer en Río con Vista | Guía Embaixada Carioca,"Guía para saber dónde comer en Río con vista: Morro da Urca, Pan de Azúcar, desayuno, almuerzo brasileño y caipirinhas.",Roteiro Río de Janeiro O Guia Definitivo.,https://www.embaixadacarioca.com/es/guia-do-rio.html,"AggregateRating,Answer,Article,BreadcrumbList,FAQPage,GeoCoordinates,HowTo,HowToStep,ImageObject,ListItem,LocationFeatureSpecification,MonetaryAmount,OpeningHoursSpecification,Organization,PostalAddress,Question,ReserveAction,Restaurant,SpeakableSpecification,WebPage,WebSite",True,True,True,True,True,1,como chegar,0,195.2,76,95
es/index.html,es,False,generic,5847,Restaurante en Pan de Azúcar y Morro da Urca | Embaixada,"Restaurante brasileño en el Morro da Urca, dentro del Parque Bondinho Pan de Azúcar. Desayuno, almuerzo, caipirinhas y vista.","Restaurante en el Morro da Urca , dentro del Parque Bondinho Pão de Açúcar .",https://www.embaixadacarioca.com/es/,"AggregateRating,Answer,BreadcrumbList,ContactPoint,FAQPage,FoodEstablishment,GeoCoordinates,ListItem,LocalBusiness,LocationFeatureSpecification,Menu,MenuItem,MenuSection,Offer,OpeningHoursSpecification,Organization,PostalAddress,Question,ReserveAction,Restaurant,TouristAttraction,WebSite",True,True,True,True,True,0,,0,275.6,423,100
es/morro-da-urca.html,es,False,park,1612,"Morro da Urca: Qué Hacer, Cómo Llegar y Dónde Comer 2026","Guía del Morro da Urca: altitud 227m, Parque Bondinho Pão de Açúcar, vistas panorámicas y un restaurante con vista directa al Pan de Azúcar en Río.","Morro da Urca: O Que Fazer, Cómo Chegar e Dónde Comer",https://www.embaixadacarioca.com/es/morro-da-urca.html,"AggregateRating,Answer,Article,BreadcrumbList,City,FAQPage,GeoCoordinates,ImageObject,Landform,ListItem,LocalBusiness,LocationFeatureSpecification,Neighborhood,OpeningHoursSpecification,Organization,PostalAddress,Question,ReserveAction,Restaurant,TouristAttraction,WebSite",True,True,True,True,True,1,resposta direta,0,156.5,15,95
es/nossa-visao.html,es,False,generic,345,Nuestra Visión | Embaixada Carioca — Restaurante Morro da Urca,"Embaixada Carioca es un restaurante dentro del Parque Bondinho Pão de Açúcar, con vista directa al Pan de Azúcar y la feijoada premiada de Academia da Cachaça servida en el Morro da Urca.",,https://www.embaixadacarioca.com/es/nossa-visao.html,"AggregateRating,Answer,BreadcrumbList,FAQPage,GeoCoordinates,ListItem,LocalBusiness,LocationFeatureSpecification,OpeningHoursSpecification,PostalAddress,Question,ReserveAction,Restaurant,WebPage,WebSite",True,True,True,True,True,0,,1,23.2,0,65
es/o-que-fazer-depois-do-bondinho-pao-de-acucar.html,es,False,guide,620,Qué Hacer Después del Teleférico | Embaixada Carioca,,"Qué hacer después del teleférico del Parque Bondinho Pão de Açúcar: dónde comer, tomar fotos y ver el atardecer",https://www.embaixadacarioca.com/es/o-que-fazer-depois-do-bondinho-pao-de-acucar.html,"AggregateRating,Answer,Article,BreadcrumbList,FAQPage,GeoCoordinates,HowTo,HowToStep,ImageObject,ListItem,LocationFeatureSpecification,MonetaryAmount,OpeningHoursSpecification,Organization,PostalAddress,Question,ReserveAction,Restaurant,SpeakableSpecification,WebPage,WebSite",True,True,True,True,True,0,,0,144.1,8,74
es/parque-bondinho-pan-de-azucar.html,es,False,park,627,Parque Bondinho Pan de Azúcar: dónde comer en el Morro da Urca,"Dónde comer dentro del Parque Bondinho Pan de Azúcar: desayuno, almuerzo brasileño, caipirinhas y vista directa al Pan de Azúcar.",Dónde comer en el Parque Bondinho Pan de Azúcar,https://www.embaixadacarioca.com/es/parque-bondinho-pan-de-azucar.html,"AggregateRating,Answer,BreadcrumbList,FAQPage,GeoCoordinates,ItemList,ListItem,LocationFeatureSpecification,OpeningHoursSpecification,PostalAddress,Question,ReserveAction,Restaurant,WebSite",True,True,True,True,True,0,,0,60.2,0,84
es/parque-bondinho.html,es,False,park,1171,Parque Bondinho Pão de Açúcar | Restaurante – Embaixada Carioca,,"Parque Bondinho Pão de Açúcar: Entradas, Horarios y Dónde Comer",https://www.embaixadacarioca.com/es/parque-bondinho.html,"AggregateRating,Answer,Article,BreadcrumbList,FAQPage,GeoCoordinates,ImageObject,ListItem,LocalBusiness,LocationFeatureSpecification,OpeningHoursSpecification,Organization,PostalAddress,Question,ReserveAction,Restaurant,TouristAttraction,WebSite",True,True,True,True,True,1,resposta direta,0,153.1,23,85
es/por-do-sol-morro-da-urca.html,es,False,drinks,686,Atardecer en el Pan de Azúcar y Morro da Urca | Embaixada Carioca,¿Dónde ver el atardecer en el Pan de Azúcar? Embaixada Carioca en el Morro da Urca ofrece la mejor vista para el atardecer en Río de Janeiro.,Atardecer en el Pan de Azúcar,https://www.embaixadacarioca.com/es/por-do-sol-morro-da-urca.html,"AggregateRating,Answer,BreadcrumbList,FAQPage,GeoCoordinates,ListItem,LocationFeatureSpecification,OpeningHoursSpecification,PostalAddress,Question,ReserveAction,Restaurant,WebPage,WebSite",True,True,True,True,True,0,,0,63.4,52,92
es/restaurante-bondinho-pan-de-azucar.html,es,False,local_restaurant,997,Restaurante en el Bondinho Pan de Azúcar | Embaixada Carioca,"Restaurante dentro del Parque Bondinho Pan de Azúcar, en la primera parada del teleférico, con desayuno, almuerzo y vista.",Restaurante en el Bondinho Pan de Azúcar,https://www.embaixadacarioca.com/es/restaurante-bondinho-pan-de-azucar.html,"AggregateRating,Answer,BreadcrumbList,FAQPage,GeoCoordinates,ItemList,ListItem,LocationFeatureSpecification,OpeningHoursSpecification,PostalAddress,Question,ReserveAction,Restaurant,WebSite",True,True,True,True,True,0,,0,63.4,0,100
es/restaurante-morro-da-urca.html,es,False,local_restaurant,999,Restaurante en el Morro da Urca con vista al Pan de Azúcar,"Restaurante en el Morro da Urca, dentro del Parque Bondinho, con desayuno, almuerzo brasileño y vista directa al Pan de Azúcar.",Restaurante en el Morro da Urca,https://www.embaixadacarioca.com/es/restaurante-morro-da-urca.html,"AggregateRating,Answer,BreadcrumbList,FAQPage,GeoCoordinates,ItemList,ListItem,LocationFeatureSpecification,OpeningHoursSpecification,PostalAddress,Question,ReserveAction,Restaurant,WebSite",True,True,True,True,True,0,,0,63.3,0,100
es/restaurantes-cerca-del-pan-de-azucar.html,es,False,local_restaurant,1004,Restaurantes cerca del Pan de Azúcar | Guía local,"Restaurantes cerca del Pan de Azúcar: opciones en Urca, Praia Vermelha y Morro da Urca para desayuno, almuerzo, drinks y vista.",Restaurantes cerca del Pan de Azúcar,https://www.embaixadacarioca.com/es/restaurantes-cerca-del-pan-de-azucar.html,"AggregateRating,Answer,BreadcrumbList,FAQPage,GeoCoordinates,ItemList,ListItem,LocationFeatureSpecification,OpeningHoursSpecification,PostalAddress,Question,ReserveAction,Restaurant,WebSite",True,True,True,True,True,0,,0,63.5,0,100
es/roteiro-meio-dia-urca-pao-de-acucar.html,es,False,guide,684,Itinerario Medio Día: Urca y Pan de Azúcar | Embaixada,,"Itinerario de Medio Día en Urca y Pan de Azúcar: Praia Vermelha, Teleférico, Morro da Urca y Almuerzo con Vista",https://www.embaixadacarioca.com/es/roteiro-meio-dia-urca-pao-de-acucar.html,"AggregateRating,Answer,Article,BreadcrumbList,FAQPage,GeoCoordinates,HowTo,HowToStep,ImageObject,ListItem,LocationFeatureSpecification,MonetaryAmount,OpeningHoursSpecification,Organization,PostalAddress,Question,ReserveAction,Restaurant,SpeakableSpecification,WebPage,WebSite",True,True,True,True,True,0,,0,144.6,9,82
eventos.html,pt-BR,False,events,1244,Eventos no Morro da Urca | Vista para o Pão de Açúcar,"Eventos corporativos e privados no Morro da Urca, dentro do Parque Bondinho Pão de Açúcar. Gastronomia brasileira e vista no Rio.",Eventos no Morro da Urca — com vista para o Pão de Açúcar.,https://www.embaixadacarioca.com/eventos.html,"AggregateRating,Answer,BreadcrumbList,EventVenue,FAQPage,GeoCoordinates,ImageObject,ListItem,LocationFeatureSpecification,OpeningHoursSpecification,Organization,PostalAddress,Question,ReserveAction,Restaurant,Service,SpeakableSpecification,VideoObject,WebPage,WebSite",True,True,True,True,True,0,,0,176.7,41,100
feijoada-com-vista-rio-de-janeiro.html,pt-BR,False,feijoada,624,Feijoada com Vista no Rio | Embaixada Carioca,"A melhor feijoada do Rio de Janeiro com vista para o Pão de Açúcar. Servida todos os dias na Embaixada Carioca, no Morro da Urca.",Onde Comer Feijoada no Rio de Janeiro,https://www.embaixadacarioca.com/feijoada-com-vista-rio-de-janeiro.html,"AggregateRating,Answer,BreadcrumbList,FAQPage,GeoCoordinates,ListItem,LocationFeatureSpecification,OpeningHoursSpecification,PostalAddress,Question,ReserveAction,Restaurant,WebPage,WebSite",True,True,True,True,True,0,,0,63.3,52,84
feijoada.html,pt-BR,False,feijoada,1675,Feijoada Premiada no Morro da Urca | Embaixada Carioca,,A feijoada mais premiada do Rio de Janeiro.,https://www.embaixadacarioca.com/feijoada.html,"AggregateRating,Answer,BreadcrumbList,FAQPage,GeoCoordinates,ListItem,LocationFeatureSpecification,MenuItem,NutritionInformation,Offer,OpeningHoursSpecification,PostalAddress,Question,ReserveAction,Restaurant,WebSite",True,True,True,True,True,0,,0,163.7,47,90
gastronomia-carioca.html,pt-BR,False,guide,1000,Gastronomia Carioca: Pratos Típicos e Onde Comer no Rio 2026,"Guia da gastronomia carioca: feijoada, moqueca, camarão e os melhores restaurantes do Rio de Janeiro. Onde comer autêntica comida carioca.",Gastronomia Carioca: Os Pratos Típicos do Rio e Onde Comer,https://www.embaixadacarioca.com/gastronomia-carioca.html,"AggregateRating,Answer,Article,BreadcrumbList,FAQPage,FoodEstablishment,GeoCoordinates,ImageObject,ListItem,LocationFeatureSpecification,OpeningHoursSpecification,Organization,PostalAddress,Question,ReserveAction,Restaurant,WebSite",True,True,True,True,True,0,,0,148.0,22,100
guia-do-rio.html,pt-BR,False,guide,3113,Onde Comer no Rio de Janeiro com Vista | Guia da Embaixada,"Guia para saber onde comer no Rio de Janeiro com vista: Morro da Urca, Pão de Açúcar, Urca, café da manhã, almoço e entardecer.",Roteiro Rio de Janeiro O Guia Definitivo.,https://www.embaixadacarioca.com/guia-do-rio.html,"AggregateRating,Answer,Article,BreadcrumbList,FAQPage,GeoCoordinates,HowTo,HowToStep,ImageObject,ListItem,LocationFeatureSpecification,MonetaryAmount,OpeningHoursSpecification,Organization,PostalAddress,Question,ReserveAction,Restaurant,SpeakableSpecification,WebPage,WebSite",True,True,True,True,True,0,,0,194.6,73,100
home-preview.html,pt-BR,True,generic,160,Prevista A/B/C da Home | Embaixada Carioca,,Restaurante no Morro da Urca a alma carioca em frente ao Pão de Açúcar.,https://www.embaixadacarioca.com/home-preview.html,"AggregateRating,BreadcrumbList,GeoCoordinates,ListItem,LocationFeatureSpecification,OpeningHoursSpecification,PostalAddress,ReserveAction,Restaurant,WebSite",True,False,True,True,True,0,,0,23.7,0,90
index.html,pt-BR,False,generic,6436,Restaurante no Pão de Açúcar e Morro da Urca | Embaixada Carioca,"Restaurante no Morro da Urca, dentro do Parque Bondinho Pão de Açúcar. Café da manhã, almoço brasileiro, caipirinhas e vista no Rio.",Restaurante no Morro da Urca — a alma carioca em frente ao Pão de Açúcar .,https://www.embaixadacarioca.com/,"AggregateRating,Answer,BreadcrumbList,ContactPoint,EntryPoint,FAQPage,FoodEstablishment,GeoCoordinates,ImageObject,ListItem,LocalBusiness,LocationFeatureSpecification,Menu,MenuItem,MenuSection,Offer,OpeningHoursSpecification,Organization,PostalAddress,Question,ReserveAction,Restaurant,SearchAction,TouristAttraction,WebSite",True,True,True,True,True,0,,0,282.0,518,100
morro-da-urca.html,pt-BR,False,park,1580,"Morro da Urca: O Que Fazer, Como Chegar e Onde Comer","Guia do Morro da Urca: altitude 227m, Parque Bondinho, vistas panorâmicas e o melhor restaurante com vista para o Pão de Açúcar no Rio.","Morro da Urca: O Que Fazer, Como Chegar e Onde Comer",https://www.embaixadacarioca.com/morro-da-urca.html,"AggregateRating,Answer,Article,BreadcrumbList,City,FAQPage,GeoCoordinates,ImageObject,Landform,ListItem,LocalBusiness,LocationFeatureSpecification,Neighborhood,OpeningHoursSpecification,Organization,PostalAddress,Question,ReserveAction,Restaurant,TouristAttraction,WebSite",True,True,True,True,True,0,,0,156.3,15,100
nossa-visao.html,pt-BR,False,generic,316,Nossa Visão | Embaixada Carioca — Restaurante Morro da Urca,A Embaixada Carioca é o único restaurante do Parque Bondinho com vista para o Pão de Açúcar. Nossa missão é oferecer a melhor gastronomia carioca a 227 metros de altitude.,,https://www.embaixadacarioca.com/nossa-visao.html,"AggregateRating,Answer,BreadcrumbList,FAQPage,GeoCoordinates,ListItem,LocalBusiness,LocationFeatureSpecification,OpeningHoursSpecification,PostalAddress,Question,ReserveAction,Restaurant,WebPage,WebSite",True,True,True,True,True,0,,0,23.0,0,68
o-que-fazer-depois-do-bondinho-pao-de-acucar.html,pt-BR,False,guide,577,O Que Fazer Depois do Bondinho | Embaixada Carioca,,"O que fazer depois do Bondinho do Pão de Açúcar: onde comer, tirar fotos e ver o entardecer",https://www.embaixadacarioca.com/o-que-fazer-depois-do-bondinho-pao-de-acucar.html,"AggregateRating,Answer,Article,BreadcrumbList,FAQPage,GeoCoordinates,HowTo,HowToStep,ImageObject,ListItem,LocationFeatureSpecification,MonetaryAmount,OpeningHoursSpecification,Organization,PostalAddress,Question,ReserveAction,Restaurant,SpeakableSpecification,WebPage,WebSite",True,True,True,True,True,0,,0,143.9,8,74
offline.html,pt-BR,True,generic,31,Sem conexão — Embaixada Carioca,,Você está sem conexão,https://www.embaixadacarioca.com/offline.html,"AggregateRating,BreadcrumbList,GeoCoordinates,ListItem,LocationFeatureSpecification,OpeningHoursSpecification,PostalAddress,ReserveAction,Restaurant,WebSite",True,False,True,True,True,0,,0,53.1,0,90
onde-comer-no-pao-de-acucar.html,pt-BR,False,local_restaurant,632,Onde Comer no Pão de Açúcar | Embaixada Carioca,"Onde comer no Pão de Açúcar: Embaixada Carioca fica no Morro da Urca, dentro do Parque Bondinho, com café, almoço e caipirinhas.",Onde comer no Pão de Açúcar,https://www.embaixadacarioca.com/onde-comer-no-pao-de-acucar.html,"AggregateRating,Answer,BreadcrumbList,FAQPage,GeoCoordinates,ItemList,ListItem,LocationFeatureSpecification,OpeningHoursSpecification,PostalAddress,Question,ReserveAction,Restaurant,WebSite",True,True,True,True,True,0,,0,61.9,0,84
parque-bondinho-pao-de-acucar.html,pt-BR,False,park,595,Parque Bondinho Pão de Açúcar: onde comer no Morro da Urca,"Guia para comer no Parque Bondinho Pão de Açúcar: café da manhã, almoço brasileiro, caipirinhas e vista direta para o Pão de Açúcar.",Onde comer no Parque Bondinho Pão de Açúcar,https://www.embaixadacarioca.com/parque-bondinho-pao-de-acucar.html,"AggregateRating,Answer,BreadcrumbList,FAQPage,GeoCoordinates,ItemList,ListItem,LocationFeatureSpecification,OpeningHoursSpecification,PostalAddress,Question,ReserveAction,Restaurant,WebSite",True,True,True,True,True,0,,0,60.0,0,84
parque-bondinho.html,pt-BR,False,park,1110,Parque Bondinho Pão de Açúcar | Embaixada Carioca,,"Parque Bondinho Pão de Açúcar: Ingressos, Horários e Onde Comer",https://www.embaixadacarioca.com/parque-bondinho.html,"AggregateRating,Answer,Article,BreadcrumbList,FAQPage,GeoCoordinates,ImageObject,ListItem,LocalBusiness,LocationFeatureSpecification,OpeningHoursSpecification,Organization,PostalAddress,Question,ReserveAction,Restaurant,TouristAttraction,TouristDestination,WebSite",True,True,True,True,True,0,,0,155.1,23,90
por-do-sol-morro-da-urca.html,pt-BR,False,drinks,633,Pôr do Sol no Pão de Açúcar e Morro da Urca | Embaixada Carioca,Onde ver o pôr do sol no Pão de Açúcar? A Embaixada Carioca no Morro da Urca oferece a melhor vista para o entardecer no Rio de Janeiro.,Pôr do Sol no Pão de Açúcar,https://www.embaixadacarioca.com/por-do-sol-morro-da-urca.html,"AggregateRating,Answer,BreadcrumbList,FAQPage,GeoCoordinates,ListItem,LocationFeatureSpecification,OpeningHoursSpecification,PostalAddress,Question,ReserveAction,Restaurant,WebPage,WebSite",True,True,True,True,True,0,,0,63.2,52,84
restaurante-bondinho-pao-de-acucar.html,pt-BR,False,local_restaurant,629,Restaurante do Bondinho Pão de Açúcar | Embaixada Carioca,"Restaurante do Bondinho Pão de Açúcar, na primeira parada do teleférico. Café da manhã, almoço brasileiro, caipirinhas e vista.",Restaurante no Bondinho Pão de Açúcar,https://www.embaixadacarioca.com/restaurante-bondinho-pao-de-acucar.html,"AggregateRating,Answer,BreadcrumbList,FAQPage,GeoCoordinates,ItemList,ListItem,LocationFeatureSpecification,OpeningHoursSpecification,PostalAddress,Question,ReserveAction,Restaurant,WebSite",True,True,True,True,True,0,,0,62.0,0,84
restaurante-morro-da-urca.html,pt-BR,False,local_restaurant,628,Restaurante Morro da Urca | Embaixada Carioca,"Restaurante no Morro da Urca com café da manhã, almoço, caipirinhas e vista para o Pão de Açúcar dentro do Parque Bondinho.",Restaurante no Morro da Urca,https://www.embaixadacarioca.com/restaurante-morro-da-urca.html,"AggregateRating,Answer,BreadcrumbList,FAQPage,GeoCoordinates,ItemList,ListItem,LocationFeatureSpecification,OpeningHoursSpecification,PostalAddress,Question,ReserveAction,Restaurant,WebSite",True,True,True,True,True,0,,0,61.9,0,84
restaurantes-perto-do-pao-de-acucar.html,pt-BR,False,local_restaurant,655,Restaurantes Perto do Pão de Açúcar | Onde Comer na Urca,"Restaurantes perto do Pão de Açúcar: opção dentro do Parque Bondinho no Morro da Urca, com café, almoço, caipirinhas e vista.",Restaurantes perto do Pão de Açúcar,https://www.embaixadacarioca.com/restaurantes-perto-do-pao-de-acucar.html,"AggregateRating,Answer,BreadcrumbList,FAQPage,GeoCoordinates,ItemList,ListItem,LocationFeatureSpecification,OpeningHoursSpecification,PostalAddress,Question,ReserveAction,Restaurant,WebSite",True,True,True,True,True,0,,0,62.2,0,92
roteiro-meio-dia-urca-pao-de-acucar.html,pt-BR,False,guide,642,Roteiro de Meio Dia na Urca e Pão de Açúcar | Embaixada Carioca,,"Roteiro de Meio Dia na Urca e Pão de Açúcar: Praia Vermelha, Bondinho, Morro da Urca e Almoço com Vista",https://www.embaixadacarioca.com/roteiro-meio-dia-urca-pao-de-acucar.html,"AggregateRating,Answer,Article,BreadcrumbList,FAQPage,GeoCoordinates,HowTo,HowToStep,ImageObject,ListItem,LocationFeatureSpecification,MonetaryAmount,OpeningHoursSpecification,Organization,PostalAddress,Question,ReserveAction,Restaurant,SpeakableSpecification,WebPage,WebSite",True,True,True,True,True,0,,0,144.4,9,74
